DateKey,CampaignKey,ChannelKey,SourceKey,RegionKey,AudienceKey,Spend,Impressions,Clicks,Leads,MQLs,SQLs,Opportunities,ClosedWon,ClosedLost,PipelineAmount,RevenueAmount
20220201,5,5,13,2,8,200,2007,39,1,0,0,0,0,0,0,0
20220201,5,5,13,3,8,1116,10319,199,5,4,1,0,0,2,0,0
20220201,5,5,13,4,8,1015,11414,216,6,2,2,0,0,2,0,0
20220201,15,1,2,2,8,120,2097,199,19,9,3,3,2,2,26828,45339
20220201,15,1,2,3,8,77,1504,135,12,7,3,1,1,4,0,17947
20220301,4,4,10,2,2,1062,3615,132,7,4,3,1,0,2,11690,0
20220301,4,4,10,3,2,451,1627,54,3,3,1,0,0,1,0,0
20220301,4,4,10,4,2,566,2253,75,4,3,2,0,0,1,0,0
20220301,4,4,10,5,2,795,2641,93,5,2,0,0,0,1,0,0
20220301,5,5,13,2,8,1756,18935,347,9,5,2,0,0,1,0,0
20220301,5,5,13,3,8,1203,13199,229,6,3,2,0,0,1,0,0
20220301,5,5,13,4,8,1861,18801,343,9,8,2,1,1,2,0,24693
20220301,9,2,6,2,5,353,577,75,11,7,2,0,0,2,0,0
20220301,9,2,6,3,5,215,332,48,7,4,1,0,0,2,0,0
20220301,9,2,6,5,5,212,371,48,7,4,2,2,0,0,27925,0
20220301,15,1,2,2,8,59,1205,103,10,8,3,1,0,1,21837,0
20220301,15,1,2,3,8,46,892,82,7,5,3,1,0,1,0,0
20220401,4,4,10,2,2,594,2035,70,4,3,1,0,0,1,0,0
20220401,4,4,10,3,2,554,2009,70,4,3,1,1,0,0,13336,0
20220401,4,4,10,4,2,383,1573,53,3,1,0,0,0,1,0,0
20220401,4,4,10,5,2,683,2333,87,5,3,2,1,0,2,12938,0
20220401,5,5,13,2,8,1796,20359,358,9,7,5,1,1,4,0,20988
20220401,5,5,13,3,8,1075,10771,188,5,2,1,1,0,2,21549,0
20220401,5,5,13,4,8,1559,15815,297,8,3,1,0,0,4,0,0
20220401,9,2,6,2,5,250,391,57,9,5,3,0,0,1,0,0
20220401,9,2,6,3,5,258,372,55,8,4,2,0,0,2,0,0
20220401,9,2,6,5,5,324,494,72,11,8,4,3,0,1,47257,0
20220401,11,4,10,2,8,1033,3874,140,8,2,2,1,1,2,0,18153
20220401,11,4,10,3,8,581,2189,80,4,1,1,1,0,0,21219,0
20220401,11,4,10,4,8,1411,4964,176,10,4,1,0,0,2,0,0
20220401,11,4,10,5,8,1362,4630,160,9,6,1,0,0,2,0,0
20220401,15,1,2,2,8,111,2155,189,16,9,4,3,1,4,43751,14712
20220401,15,1,2,3,8,73,1427,130,11,7,2,2,2,0,0,35522
20220501,4,4,10,2,2,934,3291,111,6,4,1,0,0,1,0,0
20220501,4,4,10,3,2,606,2480,80,4,3,0,0,0,1,0,0
20220501,4,4,10,4,2,980,3482,128,7,3,2,2,1,0,8694,9238
20220501,4,4,10,5,2,953,3681,123,7,4,2,0,0,1,0,0
20220501,5,5,13,2,8,606,6605,113,3,3,1,0,0,2,0,0
20220501,5,5,13,3,8,1078,11120,214,6,4,3,1,0,2,0,0
20220501,5,5,13,4,8,2068,20236,371,10,6,2,0,0,4,0,0
20220501,9,2,6,2,5,111,170,25,4,3,1,0,0,0,0,0
20220501,9,2,6,3,5,114,188,25,4,1,1,0,0,0,0,0
20220501,9,2,6,5,5,106,177,26,4,3,3,1,0,0,17165,0
20220501,11,4,10,2,8,825,2880,99,5,3,1,0,0,0,0,0
20220501,11,4,10,3,8,1077,4102,139,7,2,0,0,0,1,0,0
20220501,11,4,10,4,8,712,2687,91,5,1,0,0,0,1,0,0
20220501,11,4,10,5,8,672,2497,87,5,4,3,1,1,2,0,20509
20220501,15,1,2,2,8,64,1425,126,12,7,4,3,1,1,36279,15695
20220501,15,1,2,3,8,43,937,79,7,4,1,0,0,3,0,0
20220601,4,4,10,2,2,1512,6052,196,10,6,6,2,1,2,13203,11231
20220601,4,4,10,3,2,708,2748,96,5,4,1,1,1,0,0,10183
20220601,4,4,10,4,2,487,1622,60,3,0,0,0,0,1,0,0
20220601,4,4,10,5,2,743,2486,89,5,3,1,0,0,0,0,0
20220601,5,5,13,2,8,915,10711,186,5,4,2,1,0,1,22208,0
20220601,5,5,13,3,8,908,10005,192,5,2,1,0,0,0,0,0
20220601,5,5,13,4,8,1345,15416,280,8,5,2,0,0,1,0,0
20220601,9,2,6,2,5,143,225,32,5,3,0,0,0,2,0,0
20220601,9,2,6,3,5,151,239,34,5,2,2,2,1,1,16516,14067
20220601,9,2,6,5,5,55,87,13,2,2,2,1,0,0,13934,0
20220601,11,4,10,2,8,560,2172,70,4,2,1,1,0,3,0,0
20220601,11,4,10,3,8,917,3409,112,6,3,2,0,0,3,0,0
20220601,11,4,10,4,8,967,3842,131,7,4,4,2,1,2,16511,15786
20220601,11,4,10,5,8,874,3454,120,6,3,1,1,0,3,21092,0
20220601,15,1,2,2,8,46,940,84,8,2,1,0,0,2,0,0
20220601,15,1,2,3,8,22,499,42,4,2,2,1,1,0,0,18898
20220701,4,4,10,2,2,639,2139,77,4,1,0,0,0,1,0,0
20220701,4,4,10,3,2,162,535,20,1,1,0,0,0,0,0,0
20220701,4,4,10,4,2,1116,4050,139,7,2,2,2,0,3,18442,0
20220701,4,4,10,5,2,868,3012,110,6,3,2,1,0,1,0,0
20220701,5,5,13,2,8,589,6336,111,3,1,1,0,0,0,0,0
20220701,5,5,13,3,8,2350,26266,435,11,7,3,0,0,3,0,0
20220701,5,5,13,4,8,1126,12953,229,6,4,2,1,0,2,16454,0
20220701,9,2,6,2,5,31,52,7,1,0,0,0,0,0,0,0
20220701,9,2,6,3,5,107,170,25,4,2,0,0,0,0,0,0
20220701,9,2,6,5,5,208,349,45,7,6,1,1,1,1,0,16391
20220701,11,4,10,2,8,646,2514,91,5,4,3,3,2,2,0,43652
20220701,11,4,10,3,8,591,2243,77,4,1,1,0,0,1,0,0
20220701,11,4,10,4,8,507,1948,70,4,1,1,0,0,0,0,0
20220701,11,4,10,5,8,491,1835,69,4,3,2,0,0,1,0,0
20220701,15,1,2,2,8,63,1118,108,9,5,2,1,1,2,0,21613
20220701,15,1,2,3,8,51,976,93,9,5,1,0,0,0,0,0
20220801,4,4,10,2,2,155,590,20,1,1,1,0,0,0,0,0
20220801,4,4,10,3,2,302,1132,37,2,0,0,0,0,0,0,0
20220801,4,4,10,4,2,137,458,17,1,0,0,0,0,0,0,0
20220801,4,4,10,5,2,1735,6478,210,12,6,3,0,0,1,0,0
20220801,5,5,13,2,8,745,8765,148,4,1,1,0,0,0,0,0
20220801,5,5,13,3,8,821,8883,153,4,2,1,0,0,0,0,0
20220801,5,5,13,4,8,767,8976,150,4,1,1,0,0,0,0,0
20220801,9,2,6,2,5,84,126,19,3,2,1,1,0,1,20251,0
20220801,9,2,6,3,5,85,145,20,3,3,0,0,0,1,0,0
20220801,9,2,6,5,5,177,303,42,7,5,3,1,1,2,0,13819
20220801,11,4,10,2,8,546,2346,77,4,2,1,1,1,0,0,23504
20220801,11,4,10,3,8,1020,3676,125,7,2,0,0,0,2,0,0
20220801,11,4,10,4,8,559,2039,74,4,2,0,0,0,1,0,0
20220801,11,4,10,5,8,1190,4220,140,8,3,1,0,0,1,0,0
20220801,13,6,16,2,4,44,138,17,4,3,2,1,1,1,0,9791
20220801,13,6,16,3,4,66,218,27,6,5,5,2,1,0,9599,8684
20220801,13,6,16,5,4,59,221,27,6,3,2,2,1,2,0,11019
20220801,15,1,2,2,8,32,616,53,5,3,2,1,1,1,0,23127
20220801,15,1,2,3,8,27,558,54,5,5,2,0,0,1,0,0
20220801,24,3,8,3,4,139,1287,66,2,1,0,0,0,0,0,0
20220801,24,3,8,5,4,497,4154,237,8,5,2,1,0,1,5497,0
20220901,4,4,10,2,2,710,2694,92,5,4,2,0,0,0,0,0
20220901,4,4,10,3,2,436,1649,59,3,1,0,0,0,0,0,0
20220901,4,4,10,4,2,129,511,18,1,0,0,0,0,0,0,0
20220901,4,4,10,5,2,1400,4734,178,9,7,5,1,0,1,11549,0
20220901,5,5,13,2,8,1465,14379,269,7,2,2,2,1,3,20842,21478
20220901,5,5,13,3,8,802,8427,151,4,3,1,0,0,0,0,0
20220901,5,5,13,4,8,635,6242,116,3,0,0,0,0,2,0,0
20220901,9,2,6,2,5,106,175,24,4,3,1,1,0,1,0,0
20220901,9,2,6,3,5,189,302,43,7,7,2,0,0,3,0,0
20220901,9,2,6,5,5,140,226,30,5,4,2,0,0,0,0,0
20220901,11,4,10,2,8,924,3228,114,6,2,1,0,0,0,0,0
20220901,11,4,10,3,8,140,522,18,1,1,1,0,0,0,0,0
20220901,11,4,10,4,8,790,2953,98,5,3,1,1,0,0,21991,0
20220901,11,4,10,5,8,774,2676,90,5,2,1,1,1,1,0,19754
20220901,13,6,16,2,4,51,204,24,5,3,3,2,1,2,0,9785
20220901,13,6,16,3,4,45,158,19,4,3,3,2,1,1,0,10491
20220901,13,6,16,5,4,137,430,55,12,9,6,2,1,0,6400,11259
20220901,15,1,2,2,8,62,1240,105,9,5,3,0,0,2,0,0
20220901,15,1,2,3,8,71,1468,128,11,9,4,2,1,1,19367,21963
20220901,24,3,8,3,4,745,6130,359,11,3,2,2,0,2,8570,0
20220901,24,3,8,5,4,727,5601,319,10,9,4,2,1,2,11293,9189
20221001,4,4,10,2,2,591,2345,78,4,2,0,0,0,2,0,0
20221001,4,4,10,3,2,1606,6571,219,11,9,2,1,1,2,0,13128
20221001,4,4,10,4,2,562,2219,78,4,2,0,0,0,3,0,0
20221001,4,4,10,5,2,806,2857,95,5,3,1,0,0,1,0,0
20221001,5,5,13,2,8,1650,17549,293,8,4,3,0,0,3,0,0
20221001,5,5,13,3,8,1724,17364,334,9,4,1,1,0,2,21656,0
20221001,5,5,13,4,8,1648,17518,326,9,5,2,1,0,2,21959,0
20221001,9,2,6,2,5,208,342,50,8,6,4,1,1,2,0,15098
20221001,9,2,6,3,5,120,209,31,5,1,0,0,0,2,0,0
20221001,11,4,10,2,8,761,2731,94,5,4,1,1,0,2,0,0
20221001,11,4,10,3,8,989,3442,122,7,3,1,0,0,1,0,0
20221001,11,4,10,5,8,1294,5282,172,10,8,3,2,2,3,0,40626
20221001,13,6,16,2,4,103,369,44,10,5,1,1,1,1,0,12444
20221001,13,6,16,3,4,53,187,22,5,3,3,1,0,0,6109,0
20221001,13,6,16,5,4,61,196,25,6,5,3,2,1,1,5689,12173
20221001,15,1,2,2,8,37,788,73,7,6,4,1,1,0,0,23199
20221001,15,1,2,3,8,60,1103,103,9,6,2,0,0,0,0,0
20221001,24,3,8,3,4,525,3939,223,7,1,0,0,0,2,0,0
20221001,24,3,8,5,4,230,1940,113,4,1,0,0,0,0,0,0
20221101,3,3,7,1,1,692,5517,319,11,9,2,0,0,2,0,0
20221101,3,3,7,2,1,324,2763,146,5,1,1,1,0,1,13681,0
20221101,3,3,7,3,1,126,982,57,2,0,0,0,0,0,0,0
20221101,4,4,10,2,2,857,3495,113,6,5,1,0,0,1,0,0
20221101,4,4,10,3,2,402,1557,53,3,1,0,0,0,2,0,0
20221101,4,4,10,4,2,798,2869,107,6,3,1,0,0,1,0,0
20221101,4,4,10,5,2,781,2789,91,5,5,3,2,1,0,11973,13414
20221101,5,5,13,2,8,1359,14306,267,7,4,1,0,0,3,0,0
20221101,5,5,13,3,8,1586,16265,312,8,3,1,0,0,3,0,0
20221101,5,5,13,4,8,1733,17058,317,8,3,1,1,0,2,26165,0
20221101,9,2,6,2,5,121,191,27,4,3,1,0,0,0,0,0
20221101,9,2,6,3,5,108,176,26,4,1,1,1,1,0,0,16878
20221101,9,2,6,5,5,86,139,20,3,3,1,1,1,0,0,17107
20221101,11,4,10,2,8,1009,3506,118,6,3,1,0,0,1,0,0
20221101,11,4,10,3,8,2009,7568,247,13,3,2,1,0,4,19719,0
20221101,11,4,10,4,8,307,1072,36,2,0,0,0,0,0,0,0
20221101,11,4,10,5,8,842,3072,113,6,2,2,2,1,2,0,21430
20221101,13,6,16,2,4,44,156,19,4,4,2,1,0,0,7651,0
20221101,13,6,16,3,4,30,109,14,3,1,1,0,0,0,0,0
20221101,13,6,16,5,4,63,238,27,6,4,4,1,0,2,0,0
20221101,15,1,2,2,8,72,1637,136,13,8,5,2,1,2,24101,19722
20221101,15,1,2,3,8,76,1484,126,11,3,3,0,0,1,0,0
20221101,24,3,8,3,4,504,4251,229,7,3,0,0,0,1,0,0
20221101,24,3,8,5,4,981,8290,433,15,8,4,2,0,4,10558,0
20221101,25,4,11,1,5,1100,4558,158,9,6,3,1,1,1,0,17732
20221101,25,4,11,2,5,1548,6238,205,12,8,4,1,0,0,17491,0
20221101,25,4,11,3,5,1094,3576,133,7,3,1,1,1,1,0,18054
20221201,3,3,7,1,1,184,1554,92,3,1,0,0,0,1,0,0
20221201,3,3,7,2,1,316,2591,148,5,2,1,0,0,0,0,0
20221201,3,3,7,3,1,275,2156,126,4,2,1,0,0,0,0,0
20221201,4,4,10,2,2,649,2267,80,4,3,1,0,0,0,0,0
20221201,4,4,10,4,2,381,1378,51,3,1,0,0,0,0,0,0
20221201,4,4,10,5,2,441,1707,57,3,3,1,0,0,0,0,0
20221201,5,5,13,2,8,690,7408,141,4,2,0,0,0,1,0,0
20221201,5,5,13,3,8,1251,12989,225,6,2,2,0,0,1,0,0
20221201,5,5,13,4,8,833,8765,158,4,1,0,0,0,2,0,0
20221201,7,7,19,3,1,246,1798,37,2,2,0,0,0,0,0,0
20221201,7,7,19,5,1,213,1691,35,2,2,1,0,0,1,0,0
20221201,9,2,6,2,5,128,206,30,5,4,3,2,0,2,30064,0
20221201,9,2,6,3,5,133,243,34,5,5,3,2,1,1,0,9171
20221201,9,2,6,5,5,101,196,26,4,1,1,0,0,1,0,0
20221201,11,4,10,2,8,580,2075,77,4,3,2,0,0,0,0,0
20221201,11,4,10,3,8,766,2910,94,5,2,2,1,0,2,24186,0
20221201,11,4,10,4,8,657,2594,88,5,2,1,0,0,3,0,0
20221201,11,4,10,5,8,464,1623,60,3,2,1,1,0,0,18816,0
20221201,13,6,16,2,4,46,142,18,4,3,2,1,1,0,0,8377
20221201,13,6,16,3,4,66,227,29,6,5,5,5,2,0,21501,15972
20221201,13,6,16,5,4,47,149,19,4,4,4,4,0,0,35677,0
20221201,15,1,2,2,8,49,895,85,8,6,3,2,1,2,15557,19669
20221201,15,1,2,3,8,41,908,76,7,5,1,1,0,1,18500,0
20221201,24,3,8,3,4,339,2631,145,5,3,2,0,0,1,0,0
20221201,24,3,8,5,4,321,2597,151,5,1,1,1,0,0,8646,0
20221201,25,4,11,1,5,1055,3594,134,7,3,1,0,0,0,0,0
20221201,25,4,11,2,5,1107,3509,132,7,7,6,2,1,0,9580,16825
20221201,25,4,11,3,5,885,3378,116,7,4,3,1,1,0,0,21560
20230101,3,3,7,1,1,418,3945,202,7,4,2,0,0,1,0,0
20230101,3,3,7,2,1,432,3739,196,7,5,3,1,1,0,0,11467
20230101,3,3,7,3,1,146,1119,65,2,2,1,1,0,0,16306,0
20230101,4,4,10,2,2,1747,6782,243,13,8,5,1,1,0,0,10785
20230101,4,4,10,3,2,969,3794,133,7,5,3,1,0,3,0,0
20230101,4,4,10,4,2,1157,3993,147,8,2,1,1,0,1,0,0
20230101,4,4,10,5,2,1093,3495,129,7,5,1,0,0,1,0,0
20230101,5,5,13,2,8,1036,11443,218,6,4,1,1,1,1,0,25472
20230101,5,5,13,3,8,1067,11618,210,6,2,1,0,0,0,0,0
20230101,5,5,13,4,8,1271,15049,270,7,3,1,0,0,0,0,0
20230101,7,7,19,1,1,574,4332,95,5,1,0,0,0,2,0,0
20230101,7,7,19,5,1,469,2877,68,4,2,2,1,0,1,12987,0
20230101,9,2,6,2,5,165,258,38,6,4,3,2,2,1,0,29731
20230101,9,2,6,3,5,77,138,19,3,3,3,1,1,1,0,15394
20230101,9,2,6,5,5,168,315,42,7,5,2,1,1,4,0,19344
20230101,11,4,10,2,8,1610,5725,188,10,6,4,4,2,2,39519,43714
20230101,11,4,10,3,8,1050,4098,144,8,3,1,0,0,1,0,0
20230101,11,4,10,4,8,922,3436,129,7,3,1,0,0,1,0,0
20230101,11,4,10,5,8,1202,4828,159,9,4,3,2,2,2,0,52284
20230101,13,6,16,2,4,36,124,14,3,2,1,1,0,1,7521,0
20230101,13,6,16,3,4,43,162,18,4,3,3,1,1,0,0,7377
20230101,13,6,16,5,4,34,120,14,3,1,0,0,0,0,0,0
20230101,15,1,2,2,8,56,1054,94,9,5,1,0,0,2,0,0
20230101,15,1,2,3,8,37,715,66,6,4,2,1,0,3,0,0
20230101,24,3,8,3,4,450,3916,228,7,4,0,0,0,0,0,0
20230101,24,3,8,5,4,348,2817,158,5,2,1,0,0,2,0,0
20230101,25,4,11,1,5,760,2537,94,5,4,1,1,1,2,0,14193
20230101,25,4,11,2,5,1669,6186,202,11,5,4,1,1,3,0,15226
20230101,25,4,11,3,5,1066,3807,135,8,4,2,2,0,2,35600,0
20230201,3,3,7,1,1,391,3191,187,6,6,1,0,0,3,0,0
20230201,3,3,7,2,1,197,1530,90,3,0,0,0,0,1,0,0
20230201,3,3,7,3,1,378,3079,180,6,2,1,1,0,2,16466,0
20230201,4,4,10,2,2,655,2422,86,5,3,2,0,0,1,0,0
20230201,4,4,10,3,2,615,2652,86,5,3,2,0,0,0,0,0
20230201,4,4,10,4,2,135,508,18,1,0,0,0,0,0,0,0
20230201,4,4,10,5,2,638,2396,89,5,2,1,0,0,2,0,0
20230201,5,5,13,2,8,1766,19794,347,9,3,2,0,0,1,0,0
20230201,5,5,13,3,8,1543,19048,317,9,5,2,1,0,1,0,0
20230201,5,5,13,4,8,788,7976,138,4,1,0,0,0,1,0,0
20230201,7,7,19,1,1,518,3463,78,4,2,0,0,0,2,0,0
20230201,7,7,19,3,1,210,1626,34,2,1,0,0,0,0,0,0
20230201,7,7,19,5,1,118,791,18,1,1,1,0,0,0,0,0
20230201,9,2,6,2,5,209,363,48,8,4,4,2,1,1,0,18917
20230201,9,2,6,3,5,105,180,25,4,3,2,0,0,1,0,0
20230201,9,2,6,5,5,157,272,36,6,3,1,0,0,1,0,0
20230201,11,4,10,2,8,417,1699,56,3,0,0,0,0,2,0,0
20230201,11,4,10,3,8,864,3058,107,6,1,0,0,0,1,0,0
20230201,11,4,10,4,8,713,2875,94,5,2,0,0,0,0,0,0
20230201,11,4,10,5,8,966,3143,115,6,0,0,0,0,0,0,0
20230201,13,6,16,2,4,61,207,25,6,5,4,3,1,1,9453,8613
20230201,13,6,16,3,4,11,41,5,1,1,1,0,0,0,0,0
20230201,13,6,16,5,4,112,380,45,10,8,5,4,2,1,19227,17704
20230201,15,1,2,2,8,67,1416,124,12,9,7,4,0,4,64161,0
20230201,15,1,2,3,8,68,1322,126,12,6,3,2,1,3,18917,25091
20230201,19,5,13,2,2,837,9364,157,4,2,0,0,0,0,0,0
20230201,19,5,13,3,2,1431,15407,268,7,4,1,0,0,2,0,0
20230201,19,5,13,4,2,1857,17682,341,9,3,0,0,0,4,0,0
20230201,24,3,8,3,4,659,5555,316,10,4,1,1,0,0,11413,0
20230201,24,3,8,5,4,1098,8697,461,16,5,1,0,0,3,0,0
20230201,25,4,11,1,5,997,4111,140,8,8,6,3,1,2,26477,17494
20230201,25,4,11,2,5,1383,5451,191,10,7,2,0,0,3,0,0
20230201,25,4,11,3,5,928,3096,112,6,1,1,1,1,0,0,16983
20230201,32,4,10,2,4,2237,7167,270,14,5,2,2,0,6,10739,0
20230201,32,4,10,5,4,2241,8968,302,17,6,1,0,0,2,0,0
20230301,3,3,7,1,1,616,5623,287,9,1,0,0,0,5,0,0
20230301,3,3,7,2,1,304,2719,149,5,0,0,0,0,0,0,0
20230301,3,3,7,3,1,374,3318,181,6,2,2,2,0,0,26216,0
20230301,4,4,10,2,2,770,2561,92,5,2,1,0,0,4,0,0
20230301,4,4,10,3,2,1417,4584,167,9,4,3,2,0,1,18398,0
20230301,4,4,10,4,2,1293,5420,177,9,8,2,0,0,1,0,0
20230301,4,4,10,5,2,736,2712,95,5,2,1,0,0,1,0,0
20230301,5,5,13,2,8,2652,31641,563,16,9,3,2,2,3,0,42739
20230301,5,5,13,3,8,1073,10954,189,5,4,1,1,0,0,21116,0
20230301,5,5,13,4,8,1147,13124,237,6,4,2,1,0,3,23037,0
20230301,7,7,19,1,1,122,842,18,1,0,0,0,0,0,0,0
20230301,7,7,19,3,1,239,1628,38,2,1,1,0,0,1,0,0
20230301,7,7,19,5,1,1004,6776,146,8,2,0,0,0,0,0,0
20230301,11,4,10,2,8,1270,4585,153,8,6,3,0,0,1,0,0
20230301,11,4,10,3,8,551,2316,77,4,3,1,0,0,0,0,0
20230301,11,4,10,4,8,871,3270,113,6,4,1,0,0,0,0,0
20230301,11,4,10,5,8,742,2796,93,5,2,1,1,0,1,17312,0
20230301,13,6,16,2,4,50,177,22,5,2,0,0,0,0,0,0
20230301,13,6,16,3,4,74,251,31,7,3,3,2,0,1,19038,0
20230301,13,6,16,5,4,33,115,14,3,2,2,1,1,0,0,10881
20230301,19,5,13,2,2,1488,16893,293,8,7,2,1,1,2,0,6943
20230301,19,5,13,3,2,1202,13577,225,6,3,1,0,0,2,0,0
20230301,19,5,13,4,2,1298,13568,232,6,4,2,0,0,1,0,0
20230301,24,3,8,3,4,639,5454,276,9,2,0,0,0,1,0,0
20230301,24,3,8,5,4,783,7619,397,14,8,2,0,0,2,0,0
20230301,25,4,11,1,5,1327,4589,172,9,6,3,1,0,1,12476,0
20230301,25,4,11,2,5,2251,8574,285,17,7,6,3,1,1,27803,17416
20230301,25,4,11,3,5,1486,5461,184,11,7,4,3,1,1,14630,18147
20230301,32,4,10,2,4,2254,7533,272,16,8,1,0,0,8,0,0
20230301,32,4,10,5,4,3212,11647,380,20,10,4,3,1,3,19211,7541
20230401,3,3,7,1,1,462,3978,233,8,3,1,0,0,3,0,0
20230401,3,3,7,2,1,394,3508,183,6,4,2,0,0,2,0,0
20230401,3,3,7,3,1,208,1520,89,3,2,1,1,0,0,10400,0
20230401,5,5,13,2,8,1017,11541,200,5,2,1,1,0,2,0,0
20230401,5,5,13,3,8,1451,13966,261,7,3,1,0,0,1,0,0
20230401,5,5,13,4,8,1746,18597,343,9,3,2,1,0,2,22848,0
20230401,7,7,19,1,1,451,3603,76,4,3,1,0,0,1,0,0
20230401,7,7,19,3,1,601,4078,96,5,1,1,0,0,1,0,0
20230401,7,7,19,5,1,391,2577,57,3,1,0,0,0,0,0,0
20230401,11,4,10,2,8,801,3298,109,6,4,2,0,0,1,0,0
20230401,11,4,10,3,8,480,1621,59,3,3,2,1,0,0,21734,0
20230401,11,4,10,4,8,401,1495,52,3,2,1,0,0,1,0,0
20230401,11,4,10,5,8,833,3261,111,6,2,1,1,0,1,20805,0
20230401,13,6,16,2,4,48,165,21,5,4,2,1,1,2,0,12518
20230401,13,6,16,3,4,106,380,46,10,8,4,1,0,0,10204,0
20230401,13,6,16,5,4,85,262,33,7,6,6,1,0,1,5892,0
20230401,19,5,13,2,2,2182,23305,387,11,5,2,0,0,2,0,0
20230401,19,5,13,3,2,1007,10277,183,5,2,1,0,0,1,0,0
20230401,19,5,13,4,2,565,6625,118,3,2,0,0,0,1,0,0
20230401,24,3,8,3,4,357,3245,177,6,3,0,0,0,3,0,0
20230401,24,3,8,5,4,989,7848,459,14,6,0,0,0,3,0,0
20230401,25,4,11,1,5,660,2628,87,5,1,0,0,0,1,0,0
20230401,25,4,11,2,5,914,3576,130,7,6,2,1,1,1,0,8753
20230401,25,4,11,3,5,1141,4176,152,8,5,4,2,1,4,0,13732
20230401,32,4,10,2,4,1886,6808,241,14,8,2,2,1,2,9427,9904
20230401,32,4,10,5,4,1924,7586,267,14,5,4,0,0,4,0,0
20230501,3,3,7,1,1,355,3176,183,6,4,0,0,0,1,0,0
20230501,3,3,7,2,1,241,2254,116,4,2,1,0,0,1,0,0
20230501,3,3,7,3,1,246,2233,118,4,4,3,0,0,2,0,0
20230501,7,7,19,1,1,106,821,17,1,0,0,0,0,0,0,0
20230501,7,7,19,3,1,495,3099,72,4,2,0,0,0,0,0,0
20230501,7,7,19,5,1,216,1477,34,2,2,0,0,0,0,0,0
20230501,11,4,10,2,8,687,2589,88,5,5,3,3,3,0,0,61964
20230501,11,4,10,3,8,459,1434,54,3,1,1,1,0,0,27171,0
20230501,11,4,10,4,8,653,2172,76,4,1,0,0,0,1,0,0
20230501,11,4,10,5,8,985,3071,114,6,4,2,2,0,2,22147,0
20230501,13,6,16,2,4,90,283,35,8,6,2,1,1,2,0,11726
20230501,13,6,16,3,4,47,140,18,4,2,1,1,0,0,4866,0
20230501,13,6,16,5,4,74,272,32,7,6,3,3,1,0,19115,10044
20230501,19,5,13,2,2,1310,12428,241,7,3,1,0,0,5,0,0
20230501,19,5,13,3,2,1173,11457,218,6,2,0,0,0,0,0,0
20230501,19,5,13,4,2,794,8325,151,4,2,0,0,0,1,0,0
20230501,24,3,8,3,4,787,6060,350,12,5,3,2,1,2,9160,8305
20230501,24,3,8,5,4,764,6483,374,12,7,4,1,0,1,11933,0
20230501,25,4,11,1,5,934,3726,127,7,4,4,2,0,3,12836,0
20230501,25,4,11,2,5,1540,5248,190,10,4,1,1,1,2,0,14974
20230501,25,4,11,3,5,705,2566,88,5,3,1,0,0,1,0,0
20230501,32,4,10,2,4,2132,7464,258,14,8,2,1,0,4,0,0
20230501,32,4,10,5,4,3333,12089,412,22,12,4,2,1,3,9593,6936
20230601,3,3,7,1,1,303,2638,156,5,2,1,1,0,1,7536,0
20230601,3,3,7,2,1,421,3667,210,7,2,2,0,0,2,0,0
20230601,3,3,7,3,1,423,3855,196,7,2,1,0,0,5,0,0
20230601,7,7,19,1,1,336,2447,55,3,2,1,0,0,0,0,0
20230601,7,7,19,3,1,225,1598,36,2,2,1,0,0,0,0,0
20230601,7,7,19,5,1,495,3178,71,4,2,1,0,0,0,0,0
20230601,11,4,10,2,8,1240,4440,148,8,6,3,0,0,0,0,0
20230601,11,4,10,3,8,1123,3893,135,7,4,1,1,1,4,0,20521
20230601,11,4,10,4,8,161,533,19,1,1,0,0,0,1,0,0
20230601,11,4,10,5,8,735,2677,88,5,4,2,0,0,0,0,0
20230601,19,5,13,2,2,2571,25582,459,13,7,3,2,2,2,0,22732
20230601,19,5,13,3,2,1452,16268,279,8,5,4,1,1,2,0,11073
20230601,19,5,13,4,2,1155,12701,228,6,1,0,0,0,0,0,0
20230601,24,3,8,3,4,642,5283,272,9,3,1,1,0,1,7100,0
20230601,24,3,8,5,4,469,3656,216,7,4,1,1,1,1,0,11492
20230601,25,4,11,1,5,576,1951,71,4,1,1,0,0,1,0,0
20230601,25,4,11,2,5,1373,5774,193,11,7,2,1,0,1,14909,0
20230601,25,4,11,3,5,774,3234,111,6,4,4,4,1,1,33791,17482
20230601,32,4,10,2,4,1754,7384,245,14,9,2,0,0,2,0,0
20230601,32,4,10,5,4,1986,8374,276,16,5,3,2,1,1,6792,10099
20230701,2,2,6,4,3,152,294,40,7,3,2,2,2,0,0,28120
20230701,2,2,6,5,3,270,423,60,9,7,3,2,0,2,15868,0
20230701,3,3,7,1,1,354,3115,161,5,2,1,0,0,0,0,0
20230701,3,3,7,2,1,133,1156,60,2,0,0,0,0,0,0,0
20230701,3,3,7,3,1,381,3052,179,6,4,1,0,0,4,0,0
20230701,7,7,19,1,1,219,1419,33,2,2,1,1,0,1,11442,0
20230701,7,7,19,3,1,125,827,18,1,0,0,0,0,0,0,0
20230701,7,7,19,5,1,489,3025,71,4,0,0,0,0,1,0,0
20230701,11,4,10,2,8,725,2673,100,5,3,1,0,0,0,0,0
20230701,11,4,10,3,8,631,1992,73,4,4,1,1,0,0,21196,0
20230701,11,4,10,4,8,538,2081,70,4,3,1,0,0,0,0,0
20230701,11,4,10,5,8,770,2509,91,5,1,0,0,0,0,0,0
20230701,19,5,13,2,2,1176,11753,218,6,4,1,0,0,2,0,0
20230701,19,5,13,3,2,1326,16032,271,8,3,2,0,0,2,0,0
20230701,19,5,13,4,2,909,9397,182,5,1,1,0,0,1,0,0
20230701,24,3,8,3,4,849,6118,361,11,4,2,1,1,3,0,10439
20230701,24,3,8,5,4,761,5955,326,10,6,4,3,1,1,16357,8786
20230701,25,4,11,1,5,359,1358,51,3,1,0,0,0,0,0,0
20230701,25,4,11,2,5,1302,4365,157,9,5,2,0,0,2,0,0
20230701,25,4,11,3,5,883,3705,123,7,1,1,1,0,0,10594,0
20230701,32,4,10,2,4,1780,6546,215,12,5,2,1,0,4,0,0
20230701,32,4,10,5,4,2047,7181,247,15,8,2,2,1,2,8870,9763
20230801,2,2,6,4,3,173,289,38,6,3,1,1,1,1,0,13289
20230801,2,2,6,5,3,413,713,107,17,9,5,4,0,1,57767,0
20230801,3,3,7,1,1,366,3319,176,6,2,2,1,1,1,0,11108
20230801,3,3,7,2,1,296,2567,150,5,4,2,0,0,0,0,0
20230801,3,3,7,3,1,135,1139,60,2,0,0,0,0,0,0,0
20230801,7,7,19,1,1,328,2336,54,3,1,0,0,0,1,0,0
20230801,7,7,19,3,1,204,1658,34,2,0,0,0,0,1,0,0
20230801,7,7,19,5,1,505,3834,85,5,2,1,0,0,0,0,0
20230801,12,5,13,2,4,1080,12101,221,6,2,1,1,0,1,0,0
20230801,12,5,13,5,4,1541,16822,296,8,3,0,0,0,5,0,0
20230801,19,5,13,2,2,1290,15373,274,8,6,3,1,0,2,7108,0
20230801,19,5,13,3,2,1862,19700,339,9,3,1,0,0,4,0,0
20230801,19,5,13,4,2,184,1834,35,1,0,0,0,0,0,0,0
20230801,24,3,8,3,4,392,3105,179,6,3,2,0,0,2,0,0
20230801,24,3,8,5,4,833,7054,360,12,5,3,0,0,2,0,0
20230801,25,4,11,1,5,1298,4303,159,9,6,4,3,2,1,17938,28565
20230801,25,4,11,2,5,1051,3548,134,8,5,3,1,0,2,0,0
20230801,25,4,11,3,5,1070,4601,149,8,5,4,1,0,1,0,0
20230801,32,4,10,2,4,1853,6801,248,15,8,3,1,1,4,0,7465
20230801,32,4,10,5,4,1561,5911,211,11,6,3,1,0,4,0,0
20230901,2,2,6,4,3,289,525,73,12,8,4,2,1,0,13900,14250
20230901,2,2,6,5,3,250,450,59,9,6,4,1,1,2,0,15547
20230901,3,3,7,1,1,292,2635,146,5,3,2,0,0,2,0,0
20230901,3,3,7,2,1,467,4134,222,7,3,0,0,0,3,0,0
20230901,3,3,7,3,1,190,1461,86,3,1,1,1,1,0,0,7407
20230901,6,6,16,1,3,91,296,37,9,8,3,3,1,1,26903,14419
20230901,6,6,16,2,3,105,352,43,10,6,4,2,0,2,15719,0
20230901,6,6,16,5,3,61,222,27,6,5,3,2,1,0,9173,19467
20230901,7,7,19,1,1,329,2507,52,3,2,0,0,0,2,0,0
20230901,7,7,19,3,1,634,4287,90,5,1,0,0,0,0,0,0
20230901,7,7,19,5,1,375,2458,53,3,1,0,0,0,1,0,0
20230901,12,5,13,2,4,1360,13914,244,7,2,1,0,0,1,0,0
20230901,12,5,13,5,4,1731,20212,356,9,5,1,0,0,0,0,0
20230901,19,5,13,2,2,1324,14041,270,8,5,0,0,0,1,0,0
20230901,19,5,13,3,2,1714,17523,305,8,4,0,0,0,1,0,0
20230901,19,5,13,4,2,831,10159,177,5,2,0,0,0,2,0,0
20230901,20,6,17,1,2,68,282,32,7,4,3,3,2,2,0,19638
20230901,20,6,17,3,2,39,137,17,4,4,1,0,0,0,0,0
20230901,20,6,17,4,2,75,236,30,7,6,5,2,0,0,17150,0
20230901,20,6,17,5,2,30,112,13,3,2,2,1,0,1,10447,0
20230901,24,3,8,3,4,462,3973,212,7,3,1,0,0,0,0,0
20230901,24,3,8,5,4,660,6289,331,11,5,3,2,0,1,21201,0
20230901,32,4,10,2,4,1978,8308,274,16,3,3,0,0,2,0,0
20230901,32,4,10,5,4,2628,10282,350,19,13,5,1,0,7,9906,0
20231001,2,2,6,4,3,269,521,69,11,6,4,0,0,3,0,0
20231001,2,2,6,5,3,239,425,58,9,4,1,1,0,1,16980,0
20231001,3,3,7,1,1,369,3072,171,6,3,1,0,0,2,0,0
20231001,3,3,7,2,1,248,1992,118,4,1,1,0,0,0,0,0
20231001,3,3,7,3,1,130,1205,64,2,0,0,0,0,0,0,0
20231001,6,6,16,1,3,94,292,37,9,4,2,1,1,1,0,12775
20231001,6,6,16,2,3,79,276,31,7,4,1,1,1,0,0,15973
20231001,6,6,16,5,3,130,408,51,12,9,9,7,3,3,42395,42865
20231001,7,7,19,1,1,249,1739,37,2,1,0,0,0,0,0,0
20231001,7,7,19,3,1,256,1821,38,2,1,0,0,0,0,0,0
20231001,7,7,19,5,1,502,3434,77,4,1,0,0,0,2,0,0
20231001,12,5,13,2,4,1494,16701,319,8,5,3,1,0,3,11857,0
20231001,12,5,13,5,4,835,8184,158,4,0,0,0,0,1,0,0
20231001,19,5,13,2,2,1549,18369,325,9,5,1,0,0,1,0,0
20231001,19,5,13,3,2,1724,17424,319,9,3,1,0,0,0,0,0
20231001,19,5,13,4,2,930,11060,195,5,2,1,0,0,1,0,0
20231001,20,6,17,1,2,63,234,26,6,3,0,0,0,0,0,0
20231001,20,6,17,3,2,41,133,17,4,2,2,0,0,1,0,0
20231001,20,6,17,4,2,73,262,31,7,6,4,4,1,1,22282,10188
20231001,20,6,17,5,2,52,169,21,5,5,1,0,0,1,0,0
20231001,24,3,8,3,4,905,7596,407,13,9,1,1,0,3,7993,0
20231001,24,3,8,5,4,511,5085,259,9,3,1,0,0,2,0,0
20231001,32,4,10,2,4,2892,12311,399,21,12,5,3,1,6,9466,8318
20231001,32,4,10,5,4,1696,6990,229,12,4,1,0,0,5,0,0
20231101,2,2,6,4,3,134,235,35,6,5,3,3,1,1,23936,12202
20231101,2,2,6,5,3,182,353,46,8,5,3,2,2,2,0,27092
20231101,3,3,7,1,1,346,2845,159,5,3,1,1,1,0,0,7664
20231101,3,3,7,2,1,254,2225,123,4,3,0,0,0,2,0,0
20231101,3,3,7,3,1,145,1149,62,2,1,0,0,0,0,0,0
20231101,6,6,16,1,3,81,302,37,8,5,4,2,1,0,12653,12378
20231101,6,6,16,2,3,29,112,13,3,2,1,0,0,0,0,0
20231101,6,6,16,5,3,55,202,23,5,1,1,0,0,0,0,0
20231101,7,7,19,1,1,322,2368,52,3,2,0,0,0,0,0,0
20231101,7,7,19,3,1,228,1551,35,2,1,0,0,0,0,0,0
20231101,7,7,19,5,1,521,3386,74,4,2,0,0,0,1,0,0
20231101,12,5,13,2,4,1326,15944,266,7,1,0,0,0,3,0,0
20231101,12,5,13,5,4,1242,12991,251,7,3,1,0,0,1,0,0
20231101,19,5,13,2,2,785,8138,152,4,1,0,0,0,0,0,0
20231101,19,5,13,3,2,655,7063,137,4,2,1,0,0,1,0,0
20231101,19,5,13,4,2,1526,14304,272,8,4,1,1,0,3,9763,0
20231101,20,6,17,1,2,19,63,8,2,1,0,0,0,0,0,0
20231101,20,6,17,3,2,31,107,13,3,2,1,1,1,0,0,9455
20231101,20,6,17,4,2,17,64,8,2,0,0,0,0,0,0,0
20231101,20,6,17,5,2,32,125,14,3,3,3,1,1,0,0,6173
20231101,28,7,21,2,2,369,2449,53,3,0,0,0,0,0,0,0
20231101,28,7,21,3,2,791,5748,135,8,3,2,2,0,1,8814,0
20231101,28,7,21,4,2,204,1537,33,2,1,1,0,0,1,0,0
20231101,28,7,21,5,2,329,2506,53,3,3,1,0,0,0,0,0
20231101,32,4,10,2,4,2431,8813,297,18,10,6,1,0,4,6083,0
20231101,32,4,10,5,4,1148,4762,165,10,5,1,1,1,1,0,6621
20231201,2,2,6,4,3,115,227,30,5,3,1,0,0,2,0,0
20231201,2,2,6,5,3,83,127,19,3,1,0,0,0,0,0,0
20231201,3,3,7,1,1,126,1048,58,2,2,0,0,0,1,0,0
20231201,3,3,7,2,1,279,2204,122,4,0,0,0,0,0,0,0
20231201,3,3,7,3,1,62,523,31,1,0,0,0,0,0,0,0
20231201,6,6,16,1,3,71,244,28,6,4,3,1,1,0,0,13946
20231201,6,6,16,2,3,29,102,13,3,3,2,1,0,1,0,0
20231201,6,6,16,5,3,37,147,17,4,1,1,0,0,0,0,0
20231201,7,7,19,1,1,382,2398,55,3,1,1,1,0,1,10545,0
20231201,7,7,19,3,1,200,1526,34,2,1,1,1,1,0,0,12853
20231201,7,7,19,5,1,225,1597,33,2,1,1,0,0,1,0,0
20231201,12,5,13,2,4,1570,15964,288,8,5,1,0,0,2,0,0
20231201,12,5,13,5,4,561,6178,119,3,2,1,0,0,0,0,0
20231201,19,5,13,2,2,1699,17984,339,9,5,2,0,0,2,0,0
20231201,19,5,13,3,2,786,8320,140,4,4,2,0,0,2,0,0
20231201,19,5,13,4,2,1318,16908,280,8,4,1,1,0,1,0,0
20231201,20,6,17,1,2,22,73,9,2,2,1,1,1,0,0,7815
20231201,20,6,17,3,2,9,33,4,1,1,1,1,1,0,0,10898
20231201,20,6,17,4,2,11,42,5,1,1,0,0,0,0,0,0
20231201,20,6,17,5,2,54,188,23,5,3,3,1,1,1,0,10373
20231201,21,7,21,1,6,244,1621,36,2,0,0,0,0,1,0,0
20231201,21,7,21,2,6,239,1692,37,2,2,1,1,0,0,10998,0
20231201,21,7,21,3,6,439,2803,66,4,0,0,0,0,2,0,0
20231201,28,7,21,2,2,102,720,16,1,0,0,0,0,0,0,0
20231201,28,7,21,3,2,258,1868,38,2,1,0,0,0,1,0,0
20231201,28,7,21,4,2,198,1600,34,2,1,0,0,0,0,0,0
20231201,28,7,21,5,2,323,2683,55,3,1,0,0,0,1,0,0
20231201,32,4,10,2,4,2087,7902,275,15,6,4,2,0,2,7869,0
20231201,32,4,10,5,4,976,3404,126,7,5,1,1,0,1,7347,0
20240101,2,2,6,4,3,251,497,66,11,9,9,5,1,4,21226,12562
20240101,2,2,6,5,3,261,437,57,9,5,2,1,1,1,0,14426
20240101,3,3,7,1,1,169,1617,87,3,2,0,0,0,0,0,0
20240101,3,3,7,2,1,179,1581,86,3,1,0,0,0,1,0,0
20240101,3,3,7,3,1,385,3548,196,7,4,2,0,0,1,0,0
20240101,6,6,16,1,3,56,175,22,5,4,4,3,1,1,13763,14457
20240101,6,6,16,2,3,48,166,19,4,3,1,0,0,1,0,0
20240101,6,6,16,5,3,87,297,37,8,6,4,2,2,4,0,34863
20240101,12,5,13,2,4,1120,11903,214,6,2,0,0,0,1,0,0
20240101,12,5,13,5,4,1714,16692,310,9,5,1,0,0,1,0,0
20240101,19,5,13,2,2,1869,18270,342,9,5,0,0,0,3,0,0
20240101,19,5,13,3,2,1275,14393,268,8,3,1,0,0,1,0,0
20240101,19,5,13,4,2,1539,16174,302,9,4,1,0,0,0,0,0
20240101,20,6,17,1,2,60,202,25,6,4,3,0,0,1,0,0
20240101,20,6,17,3,2,81,295,34,7,3,0,0,0,1,0,0
20240101,20,6,17,4,2,34,126,14,3,2,1,1,0,0,5896,0
20240101,20,6,17,5,2,50,171,21,5,4,2,1,0,1,10130,0
20240101,21,7,21,1,6,631,5072,107,6,3,2,1,1,2,0,16099
20240101,21,7,21,2,6,722,4650,107,6,4,1,0,0,1,0,0
20240101,21,7,21,3,6,534,3599,81,5,1,0,0,0,2,0,0
20240101,23,2,6,1,6,323,539,78,12,8,3,1,0,4,11106,0
20240101,23,2,6,2,6,209,360,48,7,7,5,2,1,1,16581,9565
20240101,23,2,6,5,6,138,254,33,5,3,1,1,1,0,0,15665
20240101,28,7,21,2,2,101,817,17,1,1,1,0,0,0,0,0
20240101,28,7,21,3,2,542,3778,88,5,1,0,0,0,1,0,0
20240101,28,7,21,4,2,231,1638,34,2,1,1,0,0,0,0,0
20240101,28,7,21,5,2,570,4283,89,5,4,0,0,0,1,0,0
20240101,32,4,10,2,4,2562,8979,322,17,9,3,0,0,4,0,0
20240101,32,4,10,5,4,2164,8165,297,16,7,4,2,1,2,0,10673
20240201,2,2,6,4,3,151,220,33,5,3,2,2,1,0,9626,13177
20240201,2,2,6,5,3,206,403,52,9,7,4,1,0,3,13480,0
20240201,6,6,16,1,3,93,352,41,10,9,7,4,3,1,0,42162
20240201,6,6,16,2,3,51,185,23,5,5,4,2,0,1,11719,0
20240201,6,6,16,5,3,72,235,29,7,3,2,1,0,0,18267,0
20240201,12,5,13,2,4,1406,15543,268,7,3,2,0,0,2,0,0
20240201,12,5,13,5,4,1138,12952,237,6,4,2,0,0,0,0,0
20240201,17,3,7,3,3,497,3639,216,7,5,5,1,1,1,0,14179
20240201,17,3,7,4,3,689,5806,333,11,6,3,2,0,4,15530,0
20240201,17,3,7,5,3,663,5545,293,11,6,3,2,1,4,0,15485
20240201,19,5,13,2,2,2095,23907,426,11,6,3,2,1,4,11447,11168
20240201,19,5,13,3,2,2004,21384,370,10,4,0,0,0,2,0,0
20240201,19,5,13,4,2,665,7784,137,4,2,0,0,0,0,0,0
20240201,20,6,17,1,2,61,216,27,6,3,1,0,0,2,0,0
20240201,20,6,17,3,2,56,171,22,5,4,3,1,1,1,0,9480
20240201,20,6,17,4,2,31,108,13,3,1,1,1,0,0,7940,0
20240201,20,6,17,5,2,55,179,23,5,4,3,1,0,1,0,0
20240201,21,7,21,1,6,364,2360,55,3,3,2,0,0,0,0,0
20240201,21,7,21,2,6,292,2233,48,3,1,1,1,1,0,0,14017
20240201,21,7,21,3,6,599,4341,90,5,2,1,0,0,0,0,0
20240201,23,2,6,1,6,83,146,20,3,2,0,0,0,0,0,0
20240201,23,2,6,2,6,114,173,26,4,2,2,0,0,0,0,0
20240201,23,2,6,5,6,64,97,14,2,2,0,0,0,0,0,0
20240201,28,7,21,2,2,121,876,18,1,0,0,0,0,1,0,0
20240201,28,7,21,3,2,218,1456,33,2,1,0,0,0,0,0,0
20240201,28,7,21,5,2,347,2356,54,3,1,0,0,0,2,0,0
20240201,32,4,10,2,4,2706,9181,331,19,11,4,2,2,5,0,17770
20240201,32,4,10,5,4,1850,7219,258,14,5,2,0,0,3,0,0
20240301,2,2,6,4,3,160,309,41,7,6,5,5,2,4,0,31402
20240301,2,2,6,5,3,339,568,80,12,8,6,4,3,1,0,40966
20240301,6,6,16,1,3,70,261,31,7,5,4,3,1,4,0,19322
20240301,6,6,16,2,3,9,35,4,1,0,0,0,0,0,0,0
20240301,6,6,16,5,3,43,145,17,4,3,2,2,1,1,18140,17443
20240301,12,5,13,2,4,1146,14318,242,7,4,1,1,0,2,11204,0
20240301,12,5,13,5,4,1010,10551,186,5,0,0,0,0,2,0,0
20240301,17,3,7,3,3,432,4153,227,8,5,3,0,0,3,0,0
20240301,17,3,7,4,3,565,4853,268,9,2,1,0,0,0,0,0
20240301,17,3,7,5,3,699,5892,330,12,9,2,2,0,1,26466,0
20240301,19,5,13,2,2,2639,24841,468,13,9,3,0,0,5,0,0
20240301,19,5,13,3,2,1464,15375,278,8,4,4,2,2,2,0,20202
20240301,19,5,13,4,2,1612,17362,297,8,2,1,0,0,1,0,0
20240301,20,6,17,1,2,47,168,19,4,3,1,1,0,0,12795,0
20240301,20,6,17,3,2,10,33,4,1,1,1,1,0,1,0,0
20240301,20,6,17,4,2,44,151,18,4,3,3,1,0,0,6291,0
20240301,20,6,17,5,2,36,123,14,3,3,3,3,0,0,31550,0
20240301,21,7,21,1,6,440,2798,66,4,1,0,0,0,1,0,0
20240301,21,7,21,2,6,646,4344,102,6,2,1,0,0,1,0,0
20240301,21,7,21,3,6,106,695,16,1,1,0,0,0,0,0,0
20240301,23,2,6,1,6,154,293,39,6,5,5,3,2,0,11841,28332
20240301,23,2,6,2,6,81,133,19,3,1,1,0,0,0,0,0
20240301,23,2,6,5,6,193,336,45,7,5,4,0,0,1,0,0
20240301,28,7,21,2,2,459,2919,67,4,3,1,0,0,1,0,0
20240301,28,7,21,3,2,236,1596,37,2,1,1,0,0,1,0,0
20240301,28,7,21,4,2,213,1601,34,2,2,1,0,0,0,0,0
20240301,28,7,21,5,2,427,3392,71,4,2,1,0,0,1,0,0
20240301,32,4,10,2,4,1629,5810,211,12,6,4,1,1,3,0,7846
20240301,32,4,10,5,4,2248,8164,294,16,8,1,0,0,1,0,0
20240301,33,5,14,2,1,1058,11999,209,6,3,1,0,0,1,0,0
20240301,33,5,14,3,1,1233,11692,226,6,3,1,1,0,2,6866,0
20240301,33,5,14,5,1,1648,16595,297,8,3,0,0,0,3,0,0
20240401,2,2,6,4,3,150,244,33,5,4,4,2,1,1,0,16651
20240401,2,2,6,5,3,273,432,59,9,5,2,1,1,1,0,11986
20240401,6,6,16,1,3,63,233,28,6,4,2,1,0,2,0,0
20240401,6,6,16,2,3,64,227,28,6,4,3,2,1,2,0,12056
20240401,6,6,16,5,3,76,272,33,8,6,4,2,2,1,0,24802
20240401,8,1,3,1,6,70,1596,140,13,7,4,2,1,2,14217,13972
20240401,8,1,3,4,6,92,1831,161,15,10,1,1,1,1,0,14895
20240401,12,5,13,2,4,754,8890,161,4,1,1,0,0,1,0,0
20240401,12,5,13,5,4,1540,15720,293,8,4,1,1,0,3,10312,0
20240401,17,3,7,3,3,371,2836,161,6,2,0,0,0,1,0,0
20240401,17,3,7,4,3,333,3168,171,6,4,2,1,1,0,0,17818
20240401,17,3,7,5,3,718,6013,311,11,4,4,0,0,0,0,0
20240401,20,6,17,1,2,34,103,13,3,1,1,1,0,0,14091,0
20240401,20,6,17,3,2,18,72,8,2,1,0,0,0,1,0,0
20240401,20,6,17,4,2,80,285,32,7,6,6,3,2,0,11759,17804
20240401,20,6,17,5,2,34,115,14,3,2,1,1,0,1,0,0
20240401,21,7,21,1,6,352,2514,51,3,1,0,0,0,0,0,0
20240401,21,7,21,2,6,321,2397,51,3,2,0,0,0,0,0,0
20240401,21,7,21,3,6,664,4512,102,6,4,2,0,0,1,0,0
20240401,23,2,6,1,6,161,234,35,5,4,3,0,0,2,0,0
20240401,23,2,6,2,6,209,349,49,7,5,2,0,0,1,0,0
20240401,23,2,6,5,6,183,315,42,6,3,1,1,0,0,8842,0
20240401,28,7,21,2,2,408,2738,65,4,4,2,1,0,2,6166,0
20240401,28,7,21,3,2,440,3440,75,4,2,1,1,0,0,7774,0
20240401,28,7,21,4,2,211,1446,33,2,1,0,0,0,0,0,0
20240401,28,7,21,5,2,305,2353,53,3,0,0,0,0,1,0,0
20240401,33,5,14,2,1,525,6451,110,3,2,0,0,0,1,0,0
20240401,33,5,14,3,1,1162,12015,225,6,6,3,1,0,1,14782,0
20240401,33,5,14,5,1,1025,10221,190,5,2,0,0,0,1,0,0
20240501,2,2,6,4,3,283,449,66,11,8,6,4,1,2,45148,16740
20240501,2,2,6,5,3,215,336,48,8,5,3,2,1,2,0,11630
20240501,8,1,3,1,6,37,799,70,6,5,1,0,0,1,0,0
20240501,8,1,3,4,6,34,646,59,5,4,2,1,1,0,0,13812
20240501,12,5,13,2,4,1889,20139,365,10,4,2,0,0,5,0,0
20240501,12,5,13,5,4,960,10848,201,5,1,1,0,0,1,0,0
20240501,16,2,4,1,1,159,294,40,6,4,1,1,0,1,10910,0
20240501,16,2,4,2,1,106,196,27,4,3,1,0,0,1,0,0
20240501,16,2,4,4,1,136,239,35,5,3,3,1,0,0,15680,0
20240501,16,2,4,5,1,31,52,7,1,0,0,0,0,1,0,0
20240501,17,3,7,3,3,411,3473,187,7,3,1,0,0,0,0,0
20240501,17,3,7,4,3,292,2617,150,5,4,1,1,1,0,0,14901
20240501,17,3,7,5,3,457,3919,230,8,3,2,1,0,1,16074,0
20240501,20,6,17,1,2,86,284,36,8,5,4,3,2,2,0,26034
20240501,20,6,17,3,2,41,133,17,4,2,2,1,1,0,0,9813
20240501,20,6,17,4,2,31,102,12,3,1,1,1,0,1,0,0
20240501,20,6,17,5,2,20,71,9,2,2,0,0,0,1,0,0
20240501,21,7,21,1,6,336,2713,55,3,2,0,0,0,1,0,0
20240501,21,7,21,2,6,656,4783,101,6,3,2,0,0,0,0,0
20240501,21,7,21,3,6,203,1547,33,2,0,0,0,0,1,0,0
20240501,22,1,2,2,2,57,1145,99,9,4,1,0,0,2,0,0
20240501,22,1,2,3,2,42,825,76,7,3,1,0,0,4,0,0
20240501,23,2,6,1,6,133,220,31,5,3,2,2,0,1,19609,0
20240501,23,2,6,2,6,177,302,41,6,4,3,2,0,0,23301,0
20240501,23,2,6,5,6,58,91,13,2,1,1,0,0,1,0,0
20240501,28,7,21,2,2,380,3217,66,4,2,0,0,0,1,0,0
20240501,28,7,21,3,2,382,2385,55,3,0,0,0,0,1,0,0
20240501,28,7,21,4,2,200,1482,33,2,1,1,0,0,0,0,0
20240501,28,7,21,5,2,218,1493,34,2,1,0,0,0,1,0,0
20240501,33,5,14,2,1,822,8072,152,4,1,0,0,0,3,0,0
20240501,33,5,14,3,1,1758,17117,309,8,4,2,1,0,2,0,0
20240501,33,5,14,5,1,786,7917,144,4,2,0,0,0,0,0,0
20240601,2,2,6,4,3,222,390,51,8,7,3,1,1,2,0,11180
20240601,2,2,6,5,3,248,467,63,11,6,4,1,1,1,0,10470
20240601,8,1,3,1,6,79,1806,154,15,12,4,2,0,1,25255,0
20240601,8,1,3,4,6,71,1628,137,13,6,2,2,1,2,7178,13231
20240601,12,5,13,2,4,1081,11113,193,5,3,2,0,0,0,0,0
20240601,12,5,13,5,4,1827,20734,359,10,4,3,2,0,1,18894,0
20240601,16,2,4,1,1,128,192,27,4,2,1,1,1,1,0,13864
20240601,16,2,4,2,1,28,51,7,1,1,1,1,1,0,0,9619
20240601,16,2,4,4,1,77,141,19,3,2,1,0,0,0,0,0
20240601,16,2,4,5,1,76,140,18,3,1,0,0,0,3,0,0
20240601,17,3,7,3,3,255,2406,123,4,2,2,1,0,1,14989,0
20240601,17,3,7,4,3,463,3848,211,7,4,2,0,0,1,0,0
20240601,17,3,7,5,3,552,4484,258,9,3,2,1,1,0,0,10719
20240601,21,7,21,1,6,212,1742,36,2,1,1,0,0,0,0,0
20240601,21,7,21,2,6,204,1556,32,2,1,0,0,0,0,0,0
20240601,21,7,21,3,6,474,3539,72,4,2,1,0,0,1,0,0
20240601,22,1,2,2,2,56,1088,91,8,6,5,2,1,4,0,12937
20240601,22,1,2,3,2,19,439,37,3,2,1,1,0,1,13788,0
20240601,23,2,6,1,6,126,231,32,5,2,2,1,0,2,9608,0
20240601,23,2,6,2,6,94,143,20,3,2,2,1,0,1,10964,0
20240601,23,2,6,5,6,200,334,48,7,5,3,0,0,3,0,0
20240601,28,7,21,2,2,114,800,19,1,1,1,0,0,1,0,0
20240601,28,7,21,3,2,336,2456,57,3,2,0,0,0,0,0,0
20240601,28,7,21,4,2,534,4500,93,5,3,0,0,0,0,0,0
20240601,28,7,21,5,2,466,3002,67,4,3,1,0,0,0,0,0
20240601,33,5,14,2,1,196,2209,40,1,1,0,0,0,0,0,0
20240601,33,5,14,3,1,1753,17842,325,9,3,1,0,0,3,0,0
20240601,33,5,14,5,1,1187,14187,242,7,1,0,0,0,1,0,0
20240701,2,2,6,4,3,48,88,12,2,1,1,0,0,1,0,0
20240701,2,2,6,5,3,201,362,49,8,6,4,1,1,2,0,9662
20240701,8,1,3,1,6,42,937,83,8,2,1,1,0,2,12081,0
20240701,8,1,3,4,6,49,986,84,7,5,2,0,0,2,0,0
20240701,12,5,13,2,4,1198,13964,248,7,5,2,0,0,1,0,0
20240701,12,5,13,5,4,1240,14315,250,7,5,0,0,0,1,0,0
20240701,16,2,4,1,1,77,127,19,3,1,1,0,0,0,0,0
20240701,16,2,4,2,1,154,232,34,5,3,2,1,0,2,13682,0
20240701,16,2,4,4,1,28,53,7,1,0,0,0,0,0,0,0
20240701,16,2,4,5,1,81,130,18,3,1,1,0,0,0,0,0
20240701,17,3,7,3,3,452,4212,238,8,6,4,2,1,3,17364,10787
20240701,17,3,7,4,3,257,2324,133,5,3,2,1,0,1,13976,0
20240701,17,3,7,5,3,740,6183,333,11,9,4,1,1,1,0,10021
20240701,18,4,11,1,1,747,2467,88,5,1,0,0,0,2,0,0
20240701,18,4,11,4,1,1267,4539,171,10,6,1,0,0,3,0,0
20240701,18,4,11,5,1,620,2492,86,5,4,1,1,1,0,0,14247
20240701,21,7,21,1,6,184,1465,32,2,1,1,0,0,0,0,0
20240701,21,7,21,2,6,285,2184,50,3,2,2,1,0,1,13931,0
20240701,21,7,21,3,6,418,3144,70,4,2,1,1,0,2,0,0
20240701,22,1,2,2,2,43,756,70,6,4,0,0,0,0,0,0
20240701,22,1,2,3,2,35,641,60,5,2,1,1,1,1,0,12091
20240701,23,2,6,1,6,54,85,12,2,2,1,0,0,1,0,0
20240701,23,2,6,2,6,61,89,13,2,2,2,2,0,1,6917,0
20240701,23,2,6,5,6,63,99,14,2,0,0,0,0,0,0,0
20240701,28,7,21,2,2,122,908,19,1,0,0,0,0,0,0,0
20240701,28,7,21,3,2,206,1637,34,2,0,0,0,0,0,0,0
20240701,28,7,21,4,2,234,1767,37,2,2,1,0,0,1,0,0
20240701,28,7,21,5,2,280,2111,49,3,2,1,0,0,1,0,0
20240701,33,5,14,2,1,844,8688,149,4,2,1,0,0,1,0,0
20240701,33,5,14,3,1,1065,10702,199,5,2,1,0,0,1,0,0
20240701,33,5,14,5,1,358,4286,76,2,0,0,0,0,1,0,0
20240801,2,2,6,4,3,261,457,64,10,7,6,1,1,2,0,16018
20240801,2,2,6,5,3,55,91,12,2,1,1,1,0,0,14753,0
20240801,8,1,3,1,6,45,1000,86,8,3,2,2,0,4,10389,0
20240801,8,1,3,4,6,69,1228,119,11,5,3,3,0,1,40432,0
20240801,12,5,13,2,4,1375,16503,284,8,6,2,0,0,2,0,0
20240801,12,5,13,5,4,925,10166,177,5,1,0,0,0,1,0,0
20240801,16,2,4,1,1,89,130,19,3,2,2,0,0,1,0,0
20240801,16,2,4,2,1,62,89,13,2,2,1,1,0,0,13968,0
20240801,16,2,4,4,1,139,248,35,5,3,2,0,0,0,0,0
20240801,16,2,4,5,1,92,134,20,3,2,1,1,0,2,0,0
20240801,17,3,7,3,3,329,2694,149,5,3,0,0,0,2,0,0
20240801,17,3,7,4,3,646,5237,291,10,6,4,2,0,1,17399,0
20240801,17,3,7,5,3,644,6026,336,12,4,1,0,0,1,0,0
20240801,18,4,11,1,1,1328,5083,170,9,6,2,2,1,1,0,12231
20240801,18,4,11,4,1,654,2737,90,5,4,1,0,0,2,0,0
20240801,18,4,11,5,1,799,2964,96,5,1,1,0,0,2,0,0
20240801,21,7,21,1,6,287,2240,50,3,1,0,0,0,1,0,0
20240801,21,7,21,2,6,95,764,16,1,0,0,0,0,0,0,0
20240801,21,7,21,3,6,929,6718,142,8,3,0,0,0,2,0,0
20240801,22,1,2,2,2,31,660,59,5,2,1,1,0,2,9238,0
20240801,22,1,2,3,2,48,973,92,8,5,2,0,0,1,0,0
20240801,23,2,6,1,6,24,41,6,1,1,0,0,0,0,0,0
20240801,23,2,6,2,6,90,147,20,3,1,1,1,1,0,0,13955
20240801,23,2,6,5,6,51,81,12,2,2,1,1,1,1,0,14267
20240801,28,7,21,2,2,298,2405,50,3,1,0,0,0,0,0,0
20240801,28,7,21,3,2,310,2120,50,3,3,1,1,0,0,12970,0
20240801,28,7,21,4,2,211,1454,32,2,0,0,0,0,1,0,0
20240801,28,7,21,5,2,996,7112,146,8,3,2,2,1,0,9342,11965
20240801,33,5,14,2,1,961,9886,191,5,0,0,0,0,1,0,0
20240801,33,5,14,3,1,895,8895,159,4,4,0,0,0,2,0,0
20240801,33,5,14,5,1,1316,14302,241,6,4,3,0,0,1,0,0
20240901,8,1,3,1,6,67,1352,115,10,5,3,1,1,3,0,9943
20240901,8,1,3,4,6,54,1117,102,9,7,4,1,1,2,0,14206
20240901,12,5,13,2,4,1913,22679,389,11,2,1,0,0,3,0,0
20240901,12,5,13,5,4,1766,19225,348,9,4,1,1,0,3,0,0
20240901,16,2,4,1,1,160,234,35,5,1,1,0,0,0,0,0
20240901,16,2,4,2,1,94,171,24,4,3,3,2,1,1,0,8913
20240901,16,2,4,4,1,105,168,25,4,2,1,0,0,1,0,0
20240901,16,2,4,5,1,144,257,36,6,6,4,2,2,1,0,29628
20240901,17,3,7,3,3,374,3221,186,6,1,1,1,0,0,16303,0
20240901,17,3,7,4,3,362,3119,159,6,4,3,1,0,2,14239,0
20240901,17,3,7,5,3,539,4138,241,9,5,3,0,0,2,0,0
20240901,18,4,11,1,1,804,3085,103,6,3,0,0,0,1,0,0
20240901,18,4,11,4,1,1118,4414,158,8,4,4,2,2,1,0,24050
20240901,18,4,11,5,1,1321,5131,169,9,4,0,0,0,3,0,0
20240901,21,7,21,1,6,93,734,16,1,1,0,0,0,0,0,0
20240901,21,7,21,2,6,590,4604,104,6,3,2,0,0,0,0,0
20240901,21,7,21,3,6,642,4412,102,6,4,1,0,0,3,0,0
20240901,22,1,2,2,2,75,1291,123,10,4,2,1,1,2,0,6617
20240901,22,1,2,3,2,61,1315,112,10,4,0,0,0,2,0,0
20240901,23,2,6,1,6,190,354,46,7,4,4,2,1,2,0,13730
20240901,23,2,6,2,6,147,259,34,5,3,1,0,0,0,0,0
20240901,23,2,6,5,6,193,326,43,7,3,1,1,0,1,12763,0
20240901,26,5,13,1,8,3020,31472,545,16,10,5,2,0,1,45556,0
20240901,26,5,13,4,8,2802,30015,569,15,10,5,2,0,4,39474,0
20240901,28,7,21,2,2,616,4042,92,5,2,1,1,0,1,9109,0
20240901,28,7,21,3,2,638,4737,102,6,2,2,0,0,2,0,0
20240901,28,7,21,4,2,345,2505,56,3,1,0,0,0,2,0,0
20240901,33,5,14,2,1,1175,12671,211,6,3,2,2,0,2,14975,0
20240901,33,5,14,3,1,1547,14378,277,7,2,2,2,1,2,0,7795
20240901,33,5,14,5,1,1309,13683,241,6,4,2,0,0,2,0,0
20241001,8,1,3,1,6,70,1313,124,11,9,5,3,1,3,24194,9069
20241001,8,1,3,4,6,59,1120,103,9,4,2,2,0,1,13448,0
20241001,16,2,4,1,1,141,248,32,5,5,2,0,0,2,0,0
20241001,16,2,4,2,1,122,199,28,4,2,1,1,0,2,0,0
20241001,16,2,4,4,1,121,192,28,4,4,0,0,0,0,0,0
20241001,16,2,4,5,1,139,221,32,5,4,2,2,1,2,7757,13549
20241001,17,3,7,3,3,377,3487,181,6,5,3,1,1,1,0,17849
20241001,17,3,7,4,3,244,2206,114,4,2,0,0,0,2,0,0
20241001,17,3,7,5,3,361,3300,184,6,4,2,0,0,0,0,0
20241001,18,4,11,1,1,859,3183,115,6,1,0,0,0,1,0,0
20241001,18,4,11,4,1,1755,6123,229,12,6,3,1,0,6,11806,0
20241001,18,4,11,5,1,1034,3910,139,8,3,1,1,0,2,9846,0
20241001,21,7,21,1,6,680,4511,100,6,2,0,0,0,2,0,0
20241001,21,7,21,2,6,461,3328,68,4,1,0,0,0,1,0,0
20241001,21,7,21,3,6,520,3583,84,5,2,1,1,1,2,0,8532
20241001,22,1,2,2,2,64,1393,121,11,5,1,0,0,3,0,0
20241001,22,1,2,3,2,51,1092,98,8,6,3,2,0,2,22452,0
20241001,23,2,6,1,6,172,271,39,6,4,2,0,0,2,0,0
20241001,23,2,6,2,6,187,281,42,6,5,4,0,0,2,0,0
20241001,23,2,6,5,6,52,99,13,2,0,0,0,0,2,0,0
20241001,26,5,13,1,8,2982,32117,556,15,5,2,1,0,3,25421,0
20241001,26,5,13,4,8,3145,32389,579,17,3,1,0,0,5,0,0
20241001,28,7,21,2,2,581,3897,90,5,3,2,2,1,1,9241,9939
20241001,28,7,21,3,2,905,5819,131,7,4,2,1,1,2,0,8327
20241001,28,7,21,4,2,558,4075,88,5,2,1,1,1,0,0,12715
20241001,28,7,21,5,2,342,2591,53,3,3,2,0,0,0,0,0
20241001,33,5,14,2,1,1165,13308,236,6,2,0,0,0,0,0,0
20241001,33,5,14,3,1,1249,13232,229,6,2,2,2,1,3,8698,13411
20241001,33,5,14,5,1,1147,14525,241,6,3,2,0,0,0,0,0
20241101,8,1,3,1,6,84,1540,143,12,9,6,2,1,2,13716,14263
20241101,8,1,3,4,6,61,1294,123,12,6,4,0,0,6,0,0
20241101,16,2,4,1,1,138,227,31,5,2,1,1,1,2,0,15559
20241101,16,2,4,2,1,92,138,20,3,2,1,0,0,0,0,0
20241101,16,2,4,4,1,51,98,13,2,1,0,0,0,0,0,0
20241101,16,2,4,5,1,103,164,24,4,3,2,2,0,0,27025,0
20241101,18,4,11,1,1,1837,6785,223,12,6,2,1,1,1,0,12345
20241101,18,4,11,4,1,769,2788,99,5,3,0,0,0,2,0,0
20241101,18,4,11,5,1,1379,4832,169,9,6,4,1,0,0,16004,0
20241101,21,7,21,1,6,369,3126,64,4,1,1,1,0,2,0,0
20241101,21,7,21,2,6,104,708,16,1,1,0,0,0,1,0,0
20241101,21,7,21,3,6,636,4051,93,5,2,2,0,0,1,0,0
20241101,22,1,2,2,2,69,1240,113,10,6,6,3,1,3,12510,10318
20241101,22,1,2,3,2,27,511,48,4,0,0,0,0,3,0,0
20241101,23,2,6,1,6,169,284,38,6,5,1,1,1,0,0,15754
20241101,23,2,6,2,6,54,90,12,2,1,1,0,0,1,0,0
20241101,23,2,6,5,6,33,51,7,1,0,0,0,0,0,0,0
20241101,26,5,13,1,8,2992,37913,648,17,8,2,0,0,6,0,0
20241101,26,5,13,4,8,1444,15521,264,7,4,2,1,0,2,0,0
20241101,28,7,21,2,2,285,2091,49,3,0,0,0,0,0,0,0
20241101,28,7,21,3,2,233,1731,36,2,1,1,0,0,0,0,0
20241101,28,7,21,4,2,413,3187,71,4,1,0,0,0,2,0,0
20241101,28,7,21,5,2,482,3400,71,4,2,1,0,0,2,0,0
20241101,30,2,4,1,3,125,226,32,5,3,2,0,0,2,0,0
20241101,30,2,4,2,3,51,90,13,2,1,1,1,0,0,15284,0
20241101,30,2,4,3,3,88,153,20,3,3,2,1,1,1,0,12670
20241101,31,3,7,1,6,698,5659,295,10,5,2,1,0,1,9680,0
20241101,31,3,7,2,6,648,4972,279,9,3,0,0,0,4,0,0
20241101,33,5,14,2,1,989,10740,187,5,5,2,1,1,1,0,8532
20241101,33,5,14,3,1,1161,11515,212,6,2,0,0,0,2,0,0
20241101,33,5,14,5,1,743,7763,140,4,3,2,0,0,2,0,0
20241201,8,1,3,1,6,58,1332,113,11,5,0,0,0,2,0,0
20241201,8,1,3,4,6,63,1139,105,9,3,3,2,1,3,8535,10692
20241201,16,2,4,1,1,29,54,7,1,1,1,0,0,1,0,0
20241201,16,2,4,2,1,126,186,27,4,3,3,2,1,0,17371,15899
20241201,16,2,4,4,1,26,42,6,1,0,0,0,0,0,0,0
20241201,16,2,4,5,1,88,126,19,3,1,0,0,0,0,0,0
20241201,18,4,11,1,1,1771,6821,222,13,7,6,3,2,3,0,25250
20241201,18,4,11,4,1,518,2183,72,4,2,0,0,0,0,0,0
20241201,18,4,11,5,1,1316,4871,173,9,5,3,1,1,2,0,17110
20241201,21,7,21,1,6,112,882,18,1,1,0,0,0,0,0,0
20241201,21,7,21,2,6,435,3254,67,4,1,1,0,0,0,0,0
20241201,21,7,21,3,6,214,1502,33,2,1,1,0,0,0,0,0
20241201,22,1,2,2,2,47,981,82,7,4,2,0,0,2,0,0
20241201,22,1,2,3,2,39,797,68,6,5,3,2,0,0,15378,0
20241201,23,2,6,1,6,59,97,13,2,2,2,1,0,0,7191,0
20241201,23,2,6,2,6,26,45,6,1,1,1,1,0,0,12208,0
20241201,23,2,6,5,6,142,241,32,5,3,3,1,1,1,0,15748
20241201,26,5,13,1,8,1662,16027,304,9,3,1,0,0,2,0,0
20241201,26,5,13,4,8,1979,19165,364,10,3,1,0,0,2,0,0
20241201,28,7,21,2,2,221,1482,32,2,1,1,0,0,0,0,0
20241201,28,7,21,3,2,443,3321,73,4,2,1,0,0,2,0,0
20241201,28,7,21,4,2,218,1434,33,2,1,1,0,0,1,0,0
20241201,28,7,21,5,2,211,1722,35,2,0,0,0,0,0,0,0
20241201,30,2,4,1,3,53,81,12,2,2,0,0,0,0,0,0
20241201,30,2,4,2,3,82,135,18,3,2,1,1,0,1,0,0
20241201,30,2,4,3,3,142,271,36,6,5,3,3,1,0,35493,14045
20241201,31,3,7,1,6,318,2741,139,5,3,1,0,0,1,0,0
20241201,31,3,7,2,6,188,1792,93,3,2,1,0,0,0,0,0
20241201,33,5,14,2,1,381,4030,72,2,0,0,0,0,1,0,0
20241201,33,5,14,3,1,978,11146,196,5,2,0,0,0,1,0,0
20241201,33,5,14,5,1,1433,14629,250,7,3,2,0,0,0,0,0
20250101,8,1,3,1,6,48,1091,91,8,6,5,3,0,2,19536,0
20250101,8,1,3,4,6,75,1338,127,11,7,3,1,1,1,0,10284
20250101,16,2,4,1,1,172,302,41,6,5,4,2,1,0,13677,13711
20250101,16,2,4,2,1,181,290,41,6,4,1,0,0,1,0,0
20250101,16,2,4,4,1,93,140,20,3,2,1,0,0,1,0,0
20250101,16,2,4,5,1,114,204,27,4,3,2,2,1,0,15605,12873
20250101,18,4,11,1,1,860,2913,108,6,2,1,1,1,1,0,14720
20250101,18,4,11,4,1,718,2438,86,5,4,1,1,0,2,0,0
20250101,18,4,11,5,1,1329,4922,161,9,6,3,3,2,3,0,21578
20250101,21,7,21,1,6,206,1588,35,2,2,2,2,0,1,11119,0
20250101,21,7,21,2,6,774,5699,130,8,3,0,0,0,2,0,0
20250101,21,7,21,3,6,354,2317,52,3,2,0,0,0,1,0,0
20250101,23,2,6,1,6,74,120,18,3,2,1,1,0,0,13702,0
20250101,23,2,6,2,6,236,399,53,8,6,2,1,0,1,13834,0
20250101,23,2,6,5,6,119,171,25,4,4,2,1,0,2,9739,0
20250101,26,5,13,1,8,1597,18001,316,9,4,1,1,0,2,18842,0
20250101,26,5,13,4,8,2682,28695,544,15,5,0,0,0,4,0,0
20250101,28,7,21,2,2,449,2994,65,4,2,0,0,0,1,0,0
20250101,28,7,21,3,2,335,2308,52,3,1,0,0,0,1,0,0
20250101,28,7,21,4,2,508,3540,75,4,1,1,1,0,0,6652,0
20250101,28,7,21,5,2,1063,6611,157,9,4,1,0,0,2,0,0
20250101,29,1,2,1,7,40,885,78,7,3,2,1,1,1,0,5837
20250101,29,1,2,4,7,23,427,37,3,0,0,0,0,0,0,0
20250101,29,1,2,5,7,54,927,88,8,2,1,0,0,1,0,0
20250101,30,2,4,1,3,196,355,52,8,3,2,1,1,1,0,17718
20250101,30,2,4,2,3,105,172,23,4,4,2,1,1,1,0,15100
20250101,30,2,4,3,3,273,477,65,11,9,5,4,3,2,11512,38755
20250101,31,3,7,1,6,638,5529,294,10,3,1,1,1,4,0,16233
20250101,31,3,7,2,6,598,5094,279,9,3,1,0,0,2,0,0
20250101,33,5,14,2,1,766,7976,154,4,3,3,1,0,1,8195,0
20250101,33,5,14,3,1,1372,14380,247,7,3,0,0,0,2,0,0
20250101,33,5,14,5,1,1087,11467,196,5,1,1,1,0,1,13368,0
20250201,18,4,11,1,1,946,3730,128,7,4,0,0,0,1,0,0
20250201,18,4,11,4,1,734,2303,87,5,2,2,0,0,0,0,0
20250201,18,4,11,5,1,1109,3958,137,8,1,0,0,0,2,0,0
20250201,21,7,21,1,6,354,2621,55,3,3,2,1,0,1,14331,0
20250201,21,7,21,2,6,515,3549,81,5,2,0,0,0,2,0,0
20250201,21,7,21,3,6,409,2924,67,4,1,0,0,0,1,0,0
20250201,23,2,6,1,6,223,335,49,8,6,2,1,0,4,0,0
20250201,23,2,6,2,6,379,578,80,12,7,3,1,0,3,0,0
20250201,23,2,6,5,6,116,190,25,4,4,2,1,1,0,0,13749
20250201,26,5,13,1,8,1869,18191,333,10,7,3,1,0,3,0,0
20250201,26,5,13,4,8,3040,32977,548,16,11,3,0,0,1,0,0
20250201,29,1,2,1,7,51,929,88,8,4,3,2,0,0,15651,0
20250201,29,1,2,4,7,20,366,35,3,1,1,1,0,1,5240,0
20250201,29,1,2,5,7,46,896,82,7,4,1,0,0,1,0,0
20250201,30,2,4,1,3,99,181,24,4,3,1,1,0,0,11680,0
20250201,30,2,4,2,3,196,356,49,8,6,2,1,1,2,0,10823
20250201,30,2,4,3,3,77,134,18,3,1,0,0,0,1,0,0
20250201,31,3,7,1,6,433,3475,192,6,3,2,1,0,1,14393,0
20250201,31,3,7,2,6,480,4442,241,8,5,2,0,0,0,0,0
20250201,33,5,14,2,1,754,8441,142,4,1,0,0,0,0,0,0
20250201,33,5,14,3,1,217,2096,38,1,1,1,0,0,0,0,0
20250201,33,5,14,5,1,1091,11011,193,5,1,1,0,0,2,0,0
20250301,1,1,3,1,1,17,388,33,3,0,0,0,0,1,0,0
20250301,1,1,3,2,1,25,551,46,4,3,1,0,0,1,0,0
20250301,1,1,3,5,1,11,236,22,2,0,0,0,0,0,0,0
20250301,10,3,7,1,5,474,3492,207,7,4,2,1,1,2,0,17474
20250301,10,3,7,3,5,380,3084,177,6,4,3,1,1,2,0,16135
20250301,10,3,7,4,5,672,5224,306,10,5,2,2,2,1,0,31322
20250301,18,4,11,1,1,643,2344,77,4,3,1,1,0,2,0,0
20250301,18,4,11,4,1,1643,6228,217,12,6,5,4,1,2,20382,14097
20250301,18,4,11,5,1,983,3630,132,7,5,2,2,2,2,0,25813
20250301,21,7,21,1,6,556,4244,90,5,2,1,0,0,0,0,0
20250301,21,7,21,2,6,348,2647,54,3,0,0,0,0,0,0,0
20250301,21,7,21,3,6,934,6348,147,9,4,1,1,0,1,16284,0
20250301,26,5,13,1,8,1995,21101,375,10,4,4,1,1,4,0,21989
20250301,26,5,13,4,8,2263,22501,422,11,7,0,0,0,2,0,0
20250301,27,6,18,2,2,62,192,24,5,3,3,3,2,0,8990,24878
20250301,27,6,18,4,2,52,194,23,5,2,2,0,0,1,0,0
20250301,27,6,18,5,2,106,398,47,10,6,4,2,2,3,0,21626
20250301,29,1,2,1,7,155,3244,279,22,9,3,2,2,5,0,12571
20250301,29,1,2,4,7,44,931,85,7,4,1,0,0,2,0,0
20250301,29,1,2,5,7,28,484,47,4,3,2,1,0,1,6649,0
20250301,30,2,4,1,3,128,222,32,5,4,1,0,0,2,0,0
20250301,30,2,4,2,3,216,434,57,9,8,1,0,0,2,0,0
20250301,30,2,4,3,3,178,286,43,7,5,4,2,0,4,11447,0
20250301,31,3,7,1,6,468,3823,210,7,4,2,1,1,0,0,8117
20250301,31,3,7,2,6,430,3731,217,7,2,1,0,0,1,0,0
20250301,33,5,14,2,1,1330,16127,277,7,2,1,1,0,1,7168,0
20250301,33,5,14,3,1,583,6634,122,3,3,1,1,0,1,11971,0
20250301,33,5,14,5,1,1183,12338,234,6,1,0,0,0,0,0,0
20250401,1,1,3,1,1,38,731,67,6,5,3,0,0,0,0,0
20250401,1,1,3,2,1,37,687,62,5,2,2,2,1,0,12301,11988
20250401,1,1,3,5,1,6,122,11,1,0,0,0,0,1,0,0
20250401,10,3,7,1,5,242,2092,115,4,2,0,0,0,1,0,0
20250401,10,3,7,3,5,114,1086,55,2,1,0,0,0,1,0,0
20250401,10,3,7,4,5,64,530,28,1,0,0,0,0,1,0,0
20250401,14,7,20,1,7,405,2888,65,4,2,2,1,1,1,0,6144
20250401,14,7,20,2,7,1279,8264,193,12,6,2,1,0,2,0,0
20250401,18,4,11,1,1,2472,9748,337,17,9,6,3,1,7,9297,13857
20250401,18,4,11,4,1,869,3129,104,6,2,0,0,0,3,0,0
20250401,18,4,11,5,1,1461,4967,175,9,5,1,0,0,2,0,0
20250401,26,5,13,1,8,1713,18404,316,9,7,4,1,0,2,23621,0
20250401,26,5,13,4,8,1455,15757,266,7,2,0,0,0,1,0,0
20250401,27,6,18,2,2,43,163,19,4,2,0,0,0,3,0,0
20250401,27,6,18,4,2,60,186,24,5,4,1,1,1,1,0,8249
20250401,27,6,18,5,2,83,297,33,7,4,3,3,2,0,9755,17038
20250401,29,1,2,1,7,49,895,87,7,4,2,1,0,1,6300,0
20250401,29,1,2,4,7,29,638,55,5,4,2,0,0,1,0,0
20250401,29,1,2,5,7,35,706,66,6,3,2,1,0,2,0,0
20250401,30,2,4,1,3,228,379,53,8,6,4,4,4,1,0,62367
20250401,30,2,4,2,3,80,138,18,3,1,1,1,0,1,8398,0
20250401,30,2,4,3,3,104,190,25,4,2,1,1,1,0,0,16956
20250401,31,3,7,1,6,644,6070,320,10,4,2,0,0,1,0,0
20250401,31,3,7,2,6,417,3540,195,7,3,1,0,0,1,0,0
20250401,33,5,14,2,1,585,5997,108,3,2,1,0,0,2,0,0
20250401,33,5,14,3,1,389,4604,77,2,1,1,1,1,0,0,13754
20250401,33,5,14,5,1,578,5720,105,3,1,1,1,0,1,0,0
20250501,1,1,3,1,1,20,390,35,3,3,1,0,0,1,0,0
20250501,1,1,3,2,1,6,126,12,1,0,0,0,0,0,0,0
20250501,1,1,3,5,1,12,263,23,2,1,1,1,1,1,0,10836
20250501,10,3,7,1,5,714,5725,325,11,6,1,0,0,4,0,0
20250501,10,3,7,3,5,333,2488,145,5,5,1,1,0,2,16165,0
20250501,10,3,7,4,5,168,1508,82,3,1,0,0,0,1,0,0
20250501,14,7,20,1,7,752,5178,121,7,4,1,0,0,0,0,0
20250501,14,7,20,2,7,953,6485,143,8,2,0,0,0,1,0,0
20250501,18,4,11,1,1,448,1712,57,3,3,2,1,0,0,15478,0
20250501,18,4,11,4,1,819,2713,98,5,4,2,1,0,2,7333,0
20250501,18,4,11,5,1,1303,4731,153,8,4,1,0,0,2,0,0
20250501,26,5,13,1,8,1699,21686,368,10,4,2,1,1,1,0,26629
20250501,26,5,13,4,8,3069,29145,566,15,6,4,1,0,3,23104,0
20250501,27,6,18,2,2,32,105,13,3,1,0,0,0,0,0,0
20250501,27,6,18,4,2,106,364,45,10,6,5,2,2,0,0,21662
20250501,27,6,18,5,2,17,69,8,2,1,0,0,0,0,0,0
20250501,29,1,2,1,7,20,392,36,3,0,0,0,0,0,0,0
20250501,29,1,2,4,7,18,394,35,3,1,1,0,0,2,0,0
20250501,29,1,2,5,7,20,367,35,3,0,0,0,0,1,0,0
20250501,30,2,4,1,3,162,318,43,7,4,0,0,0,0,0,0
20250501,30,2,4,2,3,179,329,45,7,6,4,2,0,0,24797,0
20250501,30,2,4,3,3,166,276,41,7,4,4,3,2,1,11910,25905
20250501,31,3,7,1,6,493,4742,247,8,5,2,1,0,1,9464,0
20250501,31,3,7,2,6,714,6187,335,12,6,3,1,1,1,0,15322
20250501,33,5,14,2,1,656,6465,120,3,0,0,0,0,1,0,0
20250501,33,5,14,3,1,206,2157,38,1,0,0,0,0,0,0,0
20250501,33,5,14,5,1,875,8273,160,4,2,0,0,0,1,0,0
20250601,1,1,3,1,1,31,658,57,5,1,0,0,0,1,0,0
20250601,1,1,3,2,1,23,458,43,4,2,2,1,1,2,0,11653
20250601,1,1,3,5,1,58,1194,102,9,5,3,2,1,2,11368,7872
20250601,10,3,7,1,5,524,4199,249,8,6,4,1,0,2,0,0
20250601,10,3,7,3,5,130,1080,61,2,2,1,0,0,0,0,0
20250601,10,3,7,4,5,488,4094,231,8,4,3,3,0,1,37620,0
20250601,14,7,20,1,7,790,5554,130,8,4,2,0,0,1,0,0
20250601,14,7,20,2,7,889,6646,137,8,5,3,2,1,1,7675,6036
20250601,18,4,11,1,1,904,3722,128,7,2,1,0,0,3,0,0
20250601,18,4,11,4,1,828,2725,98,5,2,1,1,0,0,10634,0
20250601,18,4,11,5,1,1764,6140,227,13,5,1,0,0,3,0,0
20250601,26,5,13,1,8,1007,11504,203,6,3,1,0,0,3,0,0
20250601,26,5,13,4,8,3979,44163,858,24,8,1,0,0,3,0,0
20250601,27,6,18,2,2,45,152,19,4,3,2,0,0,0,0,0
20250601,27,6,18,4,2,74,292,33,7,4,2,1,0,2,10835,0
20250601,27,6,18,5,2,50,185,23,5,3,2,0,0,1,0,0
20250601,29,1,2,1,7,60,1224,106,9,5,2,1,1,4,0,4300
20250601,29,1,2,4,7,15,291,25,2,1,1,0,0,0,0,0
20250601,29,1,2,5,7,42,862,79,7,7,3,2,1,3,5431,6612
20250601,30,2,4,1,3,176,278,42,7,6,3,1,1,0,0,14828
20250601,30,2,4,2,3,54,91,12,2,1,1,0,0,1,0,0
20250601,30,2,4,3,3,144,260,37,6,2,2,1,1,0,0,16582
20250601,31,3,7,1,6,249,2055,117,4,4,0,0,0,2,0,0
20250601,31,3,7,2,6,447,3736,197,7,4,2,0,0,0,0,0
20250601,33,5,14,2,1,1764,20179,346,9,2,0,0,0,1,0,0
20250601,33,5,14,3,1,1321,13743,267,7,2,0,0,0,1,0,0
20250601,33,5,14,5,1,801,7442,143,4,2,1,0,0,0,0,0
20250701,1,1,3,1,1,24,480,45,4,2,2,1,0,0,11058,0
20250701,1,1,3,2,1,7,156,13,1,1,1,0,0,0,0,0
20250701,1,1,3,5,1,22,387,37,3,3,2,1,0,0,13466,0
20250701,10,3,7,1,5,290,2811,149,5,3,1,0,0,0,0,0
20250701,10,3,7,3,5,346,2862,169,6,4,3,2,1,1,14596,15827
20250701,10,3,7,4,5,354,3017,153,5,4,2,0,0,0,0,0
20250701,14,7,20,1,7,412,3103,69,4,3,2,1,1,1,0,6274
20250701,14,7,20,2,7,1609,11486,238,13,4,0,0,0,6,0,0
20250701,18,4,11,1,1,766,3182,108,6,3,1,0,0,2,0,0
20250701,18,4,11,4,1,497,1797,58,3,3,1,1,0,0,13704,0
20250701,18,4,11,5,1,842,3121,112,6,6,1,1,0,2,11234,0
20250701,26,5,13,1,8,1464,15081,270,7,6,3,1,0,1,26157,0
20250701,26,5,13,4,8,1916,22091,397,11,6,1,0,0,2,0,0
20250701,27,6,18,2,2,73,282,32,7,5,1,1,0,1,12666,0
20250701,27,6,18,4,2,29,114,13,3,1,1,0,0,0,0,0
20250701,27,6,18,5,2,50,185,22,5,3,2,2,1,1,9721,12707
20250701,29,1,2,1,7,31,661,58,5,2,2,1,0,2,4385,0
20250701,29,1,2,4,7,7,124,12,1,0,0,0,0,0,0,0
20250701,29,1,2,5,7,14,261,24,2,0,0,0,0,0,0,0
20250701,31,3,7,1,6,193,1696,86,3,1,0,0,0,0,0,0
20250701,31,3,7,2,6,427,3342,185,6,3,1,0,0,1,0,0
20250801,1,1,3,1,1,26,564,49,4,2,1,0,0,1,0,0
20250801,1,1,3,2,1,31,601,55,5,2,0,0,0,1,0,0
20250801,1,1,3,5,1,36,846,71,6,5,0,0,0,1,0,0
20250801,10,3,7,1,5,288,2834,146,5,3,2,0,0,1,0,0
20250801,10,3,7,3,5,595,5250,269,9,5,3,2,0,1,28821,0
20250801,10,3,7,4,5,130,1095,58,2,1,1,1,1,0,0,16848
20250801,14,7,20,1,7,359,2353,53,3,1,1,0,0,1,0,0
20250801,14,7,20,2,7,686,4800,114,7,4,1,0,0,0,0,0
20250801,18,4,11,1,1,1496,4698,175,9,6,3,1,0,2,13710,0
20250801,18,4,11,4,1,1011,3476,127,7,2,1,1,0,0,12864,0
20250801,18,4,11,5,1,1778,6067,226,12,7,3,1,1,1,0,13400
20250801,26,5,13,1,8,2335,22670,423,11,5,3,1,1,3,0,27579
20250801,26,5,13,4,8,2237,28069,480,14,7,5,1,0,1,0,0
20250801,27,6,18,2,2,47,171,21,5,3,2,2,2,1,0,21618
20250801,27,6,18,4,2,39,137,17,4,2,1,1,1,0,0,10849
20250801,27,6,18,5,2,57,205,24,5,4,0,0,0,3,0,0
20250801,29,1,2,1,7,56,1087,92,8,6,2,0,0,2,0,0
20250801,29,1,2,4,7,20,400,35,3,1,0,0,0,2,0,0
20250801,29,1,2,5,7,21,361,35,3,2,1,1,1,0,0,5407
20250801,31,3,7,1,6,439,3481,195,6,3,2,0,0,2,0,0
20250801,31,3,7,2,6,328,2875,166,6,2,0,0,0,1,0,0
20250901,1,1,3,1,1,33,594,54,5,3,2,0,0,2,0,0
20250901,1,1,3,2,1,83,1640,143,12,8,2,2,0,2,17651,0
20250901,1,1,3,5,1,26,539,47,4,2,0,0,0,2,0,0
20250901,10,3,7,1,5,673,6652,354,12,2,1,0,0,1,0,0
20250901,10,3,7,3,5,286,2513,145,5,4,2,2,2,1,0,24959
20250901,10,3,7,4,5,384,3325,172,6,4,2,2,1,1,13435,16912
20250901,14,7,20,1,7,1119,7588,163,10,3,1,1,0,1,6584,0
20250901,14,7,20,2,7,1262,8675,195,11,5,1,1,0,3,7922,0
20250901,18,4,11,1,1,993,3354,117,6,4,0,0,0,2,0,0
20250901,18,4,11,4,1,935,3654,123,7,2,0,0,0,2,0,0
20250901,18,4,11,5,1,1165,4131,156,8,5,1,0,0,2,0,0
20250901,27,6,18,2,2,10,31,4,1,1,1,0,0,1,0,0
20250901,27,6,18,4,2,65,226,29,6,2,2,2,0,0,15285,0
20250901,27,6,18,5,2,98,337,40,9,5,3,2,2,2,0,18148
20250901,29,1,2,1,7,32,591,56,5,3,2,1,0,2,6834,0
20250901,29,1,2,4,7,25,476,43,4,3,1,0,0,2,0,0
20250901,29,1,2,5,7,32,650,60,5,4,0,0,0,1,0,0
20250901,31,3,7,1,6,979,7407,417,13,5,3,0,0,4,0,0
20250901,31,3,7,2,6,400,3309,195,7,3,1,0,0,2,0,0
20251001,1,1,3,1,1,68,1335,114,10,6,2,2,1,2,11955,12038
20251001,1,1,3,2,1,39,780,69,6,3,2,0,0,1,0,0
20251001,1,1,3,5,1,58,1143,96,8,5,2,1,0,2,0,0
20251001,10,3,7,1,5,681,5708,335,11,7,2,2,1,3,0,9905
20251001,10,3,7,3,5,409,3675,199,7,4,3,1,0,0,12466,0
20251001,10,3,7,4,5,313,3235,164,6,4,2,1,1,0,0,9527
20251001,14,7,20,1,7,1037,7449,166,9,3,1,0,0,2,0,0
20251001,14,7,20,2,7,1210,8801,184,11,8,4,4,0,3,18380,0
20251001,27,6,18,2,2,64,247,28,6,5,2,1,0,2,0,0
20251001,27,6,18,4,2,93,324,38,8,7,3,2,1,3,0,11355
20251001,27,6,18,5,2,63,227,26,6,3,1,1,1,0,0,10147
20251001,29,1,2,1,7,34,619,59,5,3,1,0,0,2,0,0
20251001,29,1,2,4,7,6,119,11,1,0,0,0,0,0,0,0
20251001,29,1,2,5,7,42,761,73,6,2,1,0,0,4,0,0
20251001,31,3,7,1,6,364,3128,176,6,4,1,0,0,1,0,0
20251001,31,3,7,2,6,503,4595,252,9,2,1,0,0,4,0,0
20251101,1,1,3,1,1,57,1209,107,9,7,3,2,1,1,11225,13459
20251101,1,1,3,2,1,50,1061,94,8,3,2,1,0,2,12013,0
20251101,1,1,3,5,1,23,464,45,4,3,2,0,0,1,0,0
20251101,10,3,7,1,5,449,3917,208,7,4,1,0,0,2,0,0
20251101,10,3,7,3,5,311,2608,146,5,3,1,0,0,0,0,0
20251101,10,3,7,4,5,493,4006,221,8,3,0,0,0,1,0,0
20251101,14,7,20,1,7,814,5839,128,7,2,1,0,0,2,0,0
20251101,14,7,20,2,7,811,6697,143,8,3,1,0,0,2,0,0
20251101,27,6,18,2,2,112,376,47,10,6,4,1,1,1,0,9782
20251101,27,6,18,4,2,47,157,18,4,3,3,2,0,1,6536,0
20251101,27,6,18,5,2,59,188,24,5,4,2,2,1,0,9116,10928
20251201,1,1,3,1,1,13,244,23,2,2,2,0,0,1,0,0
20251201,1,1,3,2,1,20,357,34,3,2,1,1,1,1,0,11791
20251201,1,1,3,5,1,23,442,38,3,2,1,1,1,0,0,10318
20251201,14,7,20,1,7,479,3663,80,5,2,0,0,0,1,0,0
20251201,14,7,20,2,7,464,3499,80,5,2,0,0,0,1,0,0
20251201,27,6,18,2,2,80,288,37,8,4,2,1,1,4,0,10035
20251201,27,6,18,4,2,73,246,29,6,5,3,1,0,0,10414,0
20251201,27,6,18,5,2,43,139,17,4,4,1,1,1,1,0,9024
